Workbook
Name Slicer_Attrition: #N/A
Name Slicer_Department: #N/A
Name Slicer_Employment_Type: #N/A
Name Slicer_Gender: #N/A
Name Slicer_Year: #N/A

Sheet Data
A1: Employee_ID | B1: Full_Name | C1: Age | D1: Gender | E1: Education | F1: City | G1: Department | H1: Job_Role | I1: Employment_Type | J1: Join_Date | K1: Year | L1: Years_At_Company | M1: Years_Experience | N1: Performance_Rating | O1: Job_Satisfaction | P1: Work_Life_Balance | Q1: Overtime | R1: Leaves_Taken | S1: Training_Hours | T1: Salary | U1: Bonus | V1: Salary_Hike_% | W1: Attrition
A2: EMP1001 | B2: Riley Rodriguez | C2: 34 | D2: Undisclosed | E2: High School | F2: Philadelphia | G2: Finance | H2: Financial Analyst | I2: Full-Time | J2: 2023-01-13 | K2: 2023 | L2: 1 | M2: 9 | N2: Good | O2: 2 | P2: 5 | Q2: Yes | R2: 6 | S2: 8 | T2: 109014 | U2: 13900 | V2: 10.7 | W2: No
A3: EMP1002 | B3: Margaret Wilson | C3: 27 | D3: Female | E3: Bachelor's | F3: Chicago | G3: Sales | H3: Sales Manager | I3: Full-Time | J3: 2022-06-25 | K3: 2022 | L3: 2 | M3: 5 | N3: Below Average | O3: 2 | P3: 5 | Q3: No | R3: 10 | S3: 2 | T3: 54482 | U3: 1700 | V3: 12.6 | W3: Yes
A4: EMP1003 | B4: Robert Lopez | C4: 32 | D4: Male | E4: Bachelor's | F4: Dallas | G4: Engineering | H4: Senior Engineer | I4: Full-Time | J4: 2024-09-04 | K4: 2024 | L4: 0 | M4: 3 | N4: Good | O4: 1 | P4: 1 | Q4: Yes | R4: 15 | S4: 51 | T4: 117453 | U4: 11900 | V4: 9 | W4: No
A5: EMP1004 | B5: Jessica Lopez | C5: 35 | D5: Female | E5: Bachelor's | F5: Phoenix | G5: Engineering | H5: DevOps Engineer | I5: Full-Time | J5: 2024-02-03 | K5: 2024 | L5: 0 | M5: 11 | N5: Good | O5: 5 | P5: 4 | Q5: No | R5: 3 | S5: 14 | T5: 106046 | U5: 13200 | V5: 11.5 | W5: No
A6: EMP1005 | B6: Mark Brown | C6: 43 | D6: Male | E6: Bachelor's | F6: San Diego | G6: Operations | H6: Operations Manager | I6: Full-Time | J6: 2024-06-27 | K6: 2024 | L6: 0 | M6: 15 | N6: Good | O6: 1 | P6: 1 | Q6: No | R6: 13 | S6: 12 | T6: 51231 | U6: 5700 | V6: 6.1 | W6: No
A7: EMP1006 | B7: Sarah Smith | C7: 41 | D7: Female | E7: Diploma | F7: Los Angeles | G7: Finance | H7: Accountant | I7: Full-Time | J7: 2023-11-04 | K7: 2023 | L7: 1 | M7: 14 | N7: Good | O7: 2 | P7: 2 | Q7: No | R7: 21 | S7: 61 | T7: 104170 | U7: 14600 | V7: 3.6 | W7: No
A8: EMP1007 | B8: Elizabeth Wilson | C8: 34 | D8: Female | E8: PhD | F8: San Jose | G8: Customer Support | H8: Support Lead | I8: Contract | J8: 2023-02-25 | K8: 2023 | L8: 1 | M8: 9 | N8: Good | O8: 3 | P8: 1 | Q8: No | R8: 5 | S8: 34 | T8: 62694 | U8: 8300 | V8: 10.5 | W8: No
A9: EMP1008 | B9: Elizabeth Smith | C9: 36 | D9: Female | E9: Bachelor's | F9: Chicago | G9: Sales | H9: Account Manager | I9: Full-Time | J9: 2022-03-19 | K9: 2022 | L9: 2 | M9: 13 | N9: Below Average | O9: 3 | P9: 5 | Q9: No | R9: 19 | S9: 10 | T9: 86495 | U9: 2200 | V9: 9.4 | W9: Yes
A10: EMP1009 | B10: Matthew Martinez | C10: 38 | D10: Male | E10: Master's | F10: Los Angeles | G10: Engineering | H10: Software Engineer | I10: Full-Time | J10: 2021-11-03 | K10: 2021 | L10: 3 | M10: 9 | N10: Good | O10: 5 | P10: 4 | Q10: No | R10: 16 | S10: 39 | T10: 133656 | U10: 15500 | V10: 5.6 | W10: No
A11: EMP1010 | B11: Charles Smith | C11: 31 | D11: Male | E11: PhD | F11: Houston | G11: Sales | H11: Sales Executive | I11: Full-Time | J11: 2021-04-10 | K11: 2021 | L11: 3 | M11: 7 | N11: Good | O11: 3 | P11: 1 | Q11: No | R11: 12 | S11: 5 | T11: 63969 | U11: 6200 | V11: 12 | W11: No
A12: EMP1011 | B12: Mark Johnson | C12: 47 | D12: Male | E12: Master's | F12: San Diego | G12: Engineering | H12: DevOps Engineer | I12: Part-Time | J12: 2023-10-14 | K12: 2023 | L12: 1 | M12: 19 | N12: Good | O12: 3 | P12: 1 | Q12: No | R12: 13 | S12: 13 | T12: 124747 | U12: 14400 | V12: 14.6 | W12: No
A13: EMP1012 | B13: Richard Rodriguez | C13: 37 | D13: Male | E13: Bachelor's | F13: Philadelphia | G13: Marketing | H13: Marketing Manager | I13: Full-Time | J13: 2021-07-28 | K13: 2021 | L13: 3 | M13: 10 | N13: Excellent | O13: 2 | P13: 2 | Q13: No | R13: 3 | S13: 18 | T13: 56018 | U13: 11800 | V13: 9.4 | W13: No
... A1001: EMP2000 | B1001: Jamie Jones | C1001: 27 | D1001: Undisclosed | E1001: High School | F1001: Los Angeles | G1001: Customer Support | H1001: Support Executive | I1001: Part-Time | J1001: 2021-06-28 | K1001: 2021 | L1001: 3 | M1001: 4 | N1001: Excellent | O1001: 2 | P1001: 2 | Q1001: No | R1001: 0 | S1001: 15 | T1001: 40955 | U1001: 9200 | V1001: 7.5 | W1001: No

Sheet CAL
A1: DEPARTMENT SUMMARY | G1: YEARS SUMMARY | K1: GENDER SUMMARY
A3: Department | B3: Headcount | C3: Average Salary | D3: Attrition | E3: Avg Bonus | G3: Years | H3: Attrition | I3: Headcount | K3: Gender | L3: Headcount | M3: Attrition
A4: Finance | B4: =COUNTIF(Tab_101[Department],CAL!A4) -> 110 | C4: =AVERAGEIF(Tab_101[[#All],[Department]],CAL!A4,Tab_101[[#All],[Salary]]) -> 84026.5 | D4: =COUNTIFS(Tab_101[[#All],[Department]],CAL!A4,Tab_101[[#All],[Attrition]],"Yes") -> 16 | E4: =AVERAGEIF(Tab_101[[#All],[Department]],CAL!A4,Tab_101[[#All],[Bonus]]) -> 9249.0909 | G4: 2024 | H4: =COUNTIFS(Tab_101[Year],CAL!G4,Tab_101[Attrition],"Yes") -> 34 | I4: =COUNTIF(Tab_101[[#All],[Year]],CAL!G4) -> 230 | K4: Undisclosed | L4: =COUNTIF(Tab_101[Gender],CAL!K4) -> 48 | M4: =COUNTIFS(Tab_101[[#All],[Gender]],CAL!K4,Tab_101[[#All],[Attrition]],"Yes") -> 5
A5: Sales | B5: =COUNTIF(Tab_101[Department],CAL!A5) -> 178 | C5: =AVERAGEIF(Tab_101[[#All],[Department]],CAL!A5,Tab_101[[#All],[Salary]]) -> 70911.966 | D5: =COUNTIFS(Tab_101[[#All],[Department]],CAL!A5,Tab_101[[#All],[Attrition]],"Yes") -> 30 | E5: =AVERAGEIF(Tab_101[[#All],[Department]],CAL!A5,Tab_101[[#All],[Bonus]]) -> 8687.0787 | G5: 2023 | H5: =COUNTIFS(Tab_101[Year],CAL!G5,Tab_101[Attrition],"Yes") -> 28 | I5: =COUNTIF(Tab_101[[#All],[Year]],CAL!G5) -> 239 | K5: Female | L5: =COUNTIF(Tab_101[Gender],CAL!K5) -> 412 | M5: =COUNTIFS(Tab_101[[#All],[Gender]],CAL!K5,Tab_101[[#All],[Attrition]],"Yes") -> 60
A6: Engineering | B6: =COUNTIF(Tab_101[Department],CAL!A6) -> 252 | C6: =AVERAGEIF(Tab_101[[#All],[Department]],CAL!A6,Tab_101[[#All],[Salary]]) -> 105665.21 | D6: =COUNTIFS(Tab_101[[#All],[Department]],CAL!A6,Tab_101[[#All],[Attrition]],"Yes") -> 29 | E6: =AVERAGEIF(Tab_101[[#All],[Department]],CAL!A6,Tab_101[[#All],[Bonus]]) -> 11719.048 | G6: 2022 | H6: =COUNTIFS(Tab_101[Year],CAL!G6,Tab_101[Attrition],"Yes") -> 44 | I6: =COUNTIF(Tab_101[[#All],[Year]],CAL!G6) -> 247 | K6: Male | L6: =COUNTIF(Tab_101[Gender],CAL!K6) -> 540 | M6: =COUNTIFS(Tab_101[[#All],[Gender]],CAL!K6,Tab_101[[#All],[Attrition]],"Yes") -> 76
A7: Operations | B7: =COUNTIF(Tab_101[Department],CAL!A7) -> 115 | C7: =AVERAGEIF(Tab_101[[#All],[Department]],CAL!A7,Tab_101[[#All],[Salary]]) -> 66116.609 | D7: =COUNTIFS(Tab_101[[#All],[Department]],CAL!A7,Tab_101[[#All],[Attrition]],"Yes") -> 17 | E7: =AVERAGEIF(Tab_101[[#All],[Department]],CAL!A7,Tab_101[[#All],[Bonus]]) -> 7379.1304 | G7: 2021 | H7: =COUNTIFS(Tab_101[Year],CAL!G7,Tab_101[Attrition],"Yes") -> 35 | I7: =COUNTIF(Tab_101[[#All],[Year]],CAL!G7) -> 284
A8: Customer Support | B8: =COUNTIF(Tab_101[Department],CAL!A8) -> 83 | C8: =AVERAGEIF(Tab_101[[#All],[Department]],CAL!A8,Tab_101[[#All],[Salary]]) -> 50530.06 | D8: =COUNTIFS(Tab_101[[#All],[Department]],CAL!A8,Tab_101[[#All],[Attrition]],"Yes") -> 9 | E8: =AVERAGEIF(Tab_101[[#All],[Department]],CAL!A8,Tab_101[[#All],[Bonus]]) -> 5572.2892
A9: Marketing | B9: =COUNTIF(Tab_101[Department],CAL!A9) -> 102 | C9: =AVERAGEIF(Tab_101[[#All],[Department]],CAL!A9,Tab_101[[#All],[Salary]]) -> 68366.588 | D9: =COUNTIFS(Tab_101[[#All],[Department]],CAL!A9,Tab_101[[#All],[Attrition]],"Yes") -> 19 | E9: =AVERAGEIF(Tab_101[[#All],[Department]],CAL!A9,Tab_101[[#All],[Bonus]]) -> 8033.3333
A10: HR | B10: =COUNTIF(Tab_101[Department],CAL!A10) -> 80 | C10: =AVERAGEIF(Tab_101[[#All],[Department]],CAL!A10,Tab_101[[#All],[Salary]]) -> 58117.512 | D10: =COUNTIFS(Tab_101[[#All],[Department]],CAL!A10,Tab_101[[#All],[Attrition]],"Yes") -> 14 | E10: =AVERAGEIF(Tab_101[[#All],[Department]],CAL!A10,Tab_101[[#All],[Bonus]]) -> 6877.5
A11: IT | B11: =COUNTIF(Tab_101[Department],CAL!A11) -> 80 | C11: =AVERAGEIF(Tab_101[[#All],[Department]],CAL!A11,Tab_101[[#All],[Salary]]) -> 79815.913 | D11: =COUNTIFS(Tab_101[[#All],[Department]],CAL!A11,Tab_101[[#All],[Attrition]],"Yes") -> 7 | E11: =AVERAGEIF(Tab_101[[#All],[Department]],CAL!A11,Tab_101[[#All],[Bonus]]) -> 9756.25
A14: Employee_ID | B14: EMP101
A15: Department | B15: =VLOOKUP($B$14,Tab_101[],MATCH(A15,Tab_101[#Headers],0)) -> Engineering
A16: Employment_Type | B16: =VLOOKUP($B$14,Tab_101[],MATCH(A16,Tab_101[#Headers],0)) -> Full-Time

Sheet Detail1
A1: Details for Average of Salary - Department: Customer Support
A3: Employee_ID | B3: Full_Name | C3: Age | D3: Gender | E3: Education | F3: City | G3: Department | H3: Job_Role | I3: Employment_Type | J3: Join_Date | K3: Year | L3: Years_At_Company | M3: Years_Experience | N3: Performance_Rating | O3: Job_Satisfaction | P3: Work_Life_Balance | Q3: Overtime | R3: Leaves_Taken | S3: Training_Hours | T3: Salary | U3: Bonus | V3: Salary_Hike_% | W3: Attrition
A4: EMP2000 | B4: Jamie Jones | C4: 27 | D4: Undisclosed | E4: High School | F4: Los Angeles | G4: Customer Support | H4: Support Executive | I4: Part-Time | J4: 2021-06-28 | K4: 2021 | L4: 3 | M4: 4 | N4: Excellent | O4: 2 | P4: 2 | Q4: No | R4: 0 | S4: 15 | T4: 40955 | U4: 9200 | V4: 7.5 | W4: No
A5: EMP1982 | B5: Charles Wilson | C5: 32 | D5: Male | E5: Bachelor's | F5: Houston | G5: Customer Support | H5: Support Executive | I5: Full-Time | J5: 2022-02-14 | K5: 2022 | L5: 2 | M5: 10 | N5: Average | O5: 2 | P5: 2 | Q5: No | R5: 10 | S5: 29 | T5: 53719 | U5: 4200 | V5: 14.2 | W5: No
A6: EMP1974 | B6: Patricia Lopez | C6: 38 | D6: Female | E6: Bachelor's | F6: New York | G6: Customer Support | H6: Support Analyst | I6: Full-Time | J6: 2024-04-02 | K6: 2024 | L6: 0 | M6: 16 | N6: Good | O6: 2 | P6: 4 | Q6: No | R6: 13 | S6: 17 | T6: 48086 | U6: 6100 | V6: 3.7 | W6: No
A7: EMP1970 | B7: Anthony Jones | C7: 23 | D7: Male | E7: Master's | F7: Dallas | G7: Customer Support | H7: Support Analyst | I7: Full-Time | J7: 2021-04-23 | K7: 2021 | L7: 3 | M7: 1 | N7: Below Average | O7: 2 | P7: 3 | Q7: Yes | R7: 8 | S7: 21 | T7: 38693 | U7: 1100 | V7: 9.2 | W7: No
A8: EMP1968 | B8: Margaret Garcia | C8: 35 | D8: Female | E8: Master's | F8: San Antonio | G8: Customer Support | H8: Support Analyst | I8: Part-Time | J8: 2023-02-28 | K8: 2023 | L8: 1 | M8: 8 | N8: Good | O8: 5 | P8: 1 | Q8: Yes | R8: 3 | S8: 49 | T8: 64253 | U8: 8800 | V8: 4.5 | W8: No
A9: EMP1950 | B9: Matthew Wilson | C9: 45 | D9: Male | E9: Master's | F9: Houston | G9: Customer Support | H9: Customer Success Manager | I9: Full-Time | J9: 2024-02-12 | K9: 2024 | L9: 0 | M9: 19 | N9: Good | O9: 5 | P9: 1 | Q9: Yes | R9: 7 | S9: 24 | T9: 53713 | U9: 5800 | V9: 13.2 | W9: No
A10: EMP1007 | B10: Elizabeth Wilson | C10: 34 | D10: Female | E10: PhD | F10: San Jose | G10: Customer Support | H10: Support Lead | I10: Contract | J10: 2023-02-25 | K10: 2023 | L10: 1 | M10: 9 | N10: Good | O10: 3 | P10: 1 | Q10: No | R10: 5 | S10: 34 | T10: 62694 | U10: 8300 | V10: 10.5 | W10: No
A11: EMP1938 | B11: Christopher Davis | C11: 46 | D11: Male | E11: Bachelor's | F11: Houston | G11: Customer Support | H11: Support Analyst | I11: Full-Time | J11: 2023-09-12 | K11: 2023 | L11: 1 | M11: 20 | N11: Below Average | O11: 4 | P11: 5 | Q11: No | R11: 20 | S11: 43 | T11: 37466 | U11: 1000 | V11: 10.3 | W11: No
A12: EMP1924 | B12: Christopher Lopez | C12: 32 | D12: Male | E12: Master's | F12: Dallas | G12: Customer Support | H12: Support Analyst | I12: Full-Time | J12: 2022-11-14 | K12: 2022 | L12: 2 | M12: 6 | N12: Excellent | O12: 2 | P12: 2 | Q12: No | R12: 23 | S12: 13 | T12: 40894 | U12: 7800 | V12: 7 | W12: No
A13: EMP1912 | B13: Jennifer Martinez | C13: 25 | D13: Female | E13: Bachelor's | F13: Phoenix | G13: Customer Support | H13: Support Lead | I13: Full-Time | J13: 2022-01-05 | K13: 2022 | L13: 2 | M13: 1 | N13: Below Average | O13: 4 | P13: 1 | Q13: Yes | R13: 23 | S13: 15 | T13: 53796 | U13: 1400 | V13: 13.5 | W13: Yes
A14: EMP1885 | B14: William Anderson | C14: 29 | D14: Male | E14: PhD | F14: Dallas | G14: Customer Support | H14: Support Analyst | I14: Full-Time | J14: 2021-11-27 | K14: 2021 | L14: 3 | M14: 2 | N14: Good | O14: 1 | P14: 1 | Q14: No | R14: 0 | S14: 19 | T14: 61662 | U14: 7500 | V14: 3.3 | W14: No
A15: EMP1878 | B15: Linda Brown | C15: 27 | D15: Female | E15: Bachelor's | F15: Phoenix | G15: Customer Support | H15: Customer Success Manager | I15: Full-Time | J15: 2023-04-27 | K15: 2023 | L15: 1 | M15: 2 | N15: Average | O15: 4 | P15: 4 | Q15: No | R15: 22 | S15: 72 | T15: 58147 | U15: 4600 | V15: 9.3 | W15: No
... A86: EMP1084 | B86: Christopher Jones | C86: 26 | D86: Male | E86: Bachelor's | F86: Philadelphia | G86: Customer Support | H86: Support Lead | I86: Part-Time | J86: 2022-07-21 | K86: 2022 | L86: 2 | M86: 3 | N86: Excellent | O86: 4 | P86: 2 | Q86: Yes | R86: 15 | S86: 9 | T86: 50624 | U86: 10500 | V86: 9.2 | W86: No

Sheet PIVOT
A3: Employees by Department | B3: Count of Employee_ID | D3: Employees by Gender | E3: Count of Employee_ID | G3: Attrition by Department | H3: Column Labels
A4: Customer Support | B4: 83 | D4: Female | E4: 412 | G4: Row Labels | H4: No | I4: Yes | J4: Grand Total
A5: Engineering | B5: 252 | D5: Male | E5: 540 | G5: Customer Support | H5: 74 | I5: 9 | J5: 83
A6: Finance | B6: 110 | D6: Undisclosed | E6: 48 | G6: Engineering | H6: 223 | I6: 29 | J6: 252
A7: HR | B7: 80 | D7: Grand Total | E7: 1000 | G7: Finance | H7: 94 | I7: 16 | J7: 110
A8: IT | B8: 80 | G8: HR | H8: 66 | I8: 14 | J8: 80
A9: Marketing | B9: 102 | G9: IT | H9: 73 | I9: 7 | J9: 80
A10: Operations | B10: 115 | G10: Marketing | H10: 83 | I10: 19 | J10: 102
A11: Sales | B11: 178 | G11: Operations | H11: 98 | I11: 17 | J11: 115
A12: Grand Total | B12: 1000 | G12: Sales | H12: 148 | I12: 30 | J12: 178
G13: Grand Total | H13: 859 | I13: 141 | J13: 1000
A17: Average Salary by Department | B17: Average of Salary | D17: Job Satisfaction Distribution | E17: Count of Employee_ID | G17: Work-Life Balance Distribution | H17: Count of Employee_ID | K17: Work-Life Balance Distribution | L17: Count of Employee_ID
A18: Customer Support | B18: 50530.06 | D18: 1 | E18: 197 | G18: 1 | H18: 212 | K18: No | L18: 859
A19: Engineering | B19: 105665.21 | D19: 2 | E19: 206 | G19: 2 | H19: 227 | K19: Yes | L19: 141
A20: Finance | B20: 84026.5 | D20: 3 | E20: 190 | G20: 3 | H20: 180 | K20: Grand Total | L20: 1000
A21: HR | B21: 58117.512 | D21: 4 | E21: 220 | G21: 4 | H21: 180
A22: IT | B22: 79815.913 | D22: 5 | E22: 187 | G22: 5 | H22: 201
A23: Marketing | B23: 68366.588 | D23: Grand Total | E23: 1000 | G23: Grand Total | H23: 1000
A24: Operations | B24: 66116.609
A25: Sales | B25: 70911.966
A26: Grand Total | B26: 78298.35
A29: Average Bonus by Department | B29: Average of Bonus | D29: Max Salary Hike by Department | E29: Max of Salary_Hike_% | G29: KPI
A30: Customer Support | B30: 5572.2892 | D30: Customer Support | E30: 14.7 | G30: Total Employee | H30: =GETPIVOTDATA("Employee_ID",$A$3) -> 1000
A31: Engineering | B31: 11719.048 | D31: Engineering | E31: 15 | G31: Attrition Rate % | H31: =ROUND(GETPIVOTDATA("Employee_ID",$G$3,"Attrition","Yes")/GETPIVOTDATA("Employee_ID",$A$3)*100,0) & "%" -> 14%
A32: Finance | B32: 9249.0909 | D32: Finance | E32: 14.8 | G32: Active Employees | H32: =GETPIVOTDATA("Employee_ID",$K$17,"Attrition","No") -> 859
A33: HR | B33: 6877.5 | D33: HR | E33: 14.7 | G33: Employees Left | H33: =GETPIVOTDATA("Employee_ID",$K$17,"Attrition","Yes") -> 141
A34: IT | B34: 9756.25 | D34: IT | E34: 14.8 | G34: Average Salary | H34: =GETPIVOTDATA("Salary",$A$17) -> 78298.35
A35: Marketing | B35: 8033.3333 | D35: Marketing | E35: 14.9
A36: Operations | B36: 7379.1304 | D36: Operations | E36: 14.8
A37: Sales | B37: 8687.0787 | D37: Sales | E37: 15
A38: Grand Total | B38: 8978.1 | D38: Grand Total | E38: 15
A41: Attrition by Year | B41: Column Labels
A42: Employees by Gender | B42: No | C42: Yes | D42: Grand Total
A43: 2021 | B43: 249 | C43: 35 | D43: 284
A44: 2022 | B44: 203 | C44: 44 | D44: 247
A45: 2023 | B45: 211 | C45: 28 | D45: 239
A46: 2024 | B46: 196 | C46: 34 | D46: 230
A47: Grand Total | B47: 859 | C47: 141 | D47: 1000

Sheet DASHBOARD

Sheet Sheet1
